Close/Last,Volume,Open,High,Low,Day
988.47,4426227,1008.00,1015.17,984.48,0
1003.15,3738710,1029.42,1032.38,999.39,1
1024.54,3111831,1042.00,1045.00,1015.59,2
1043.33,2600048,1035.18,1045.00,1024.51,3
1035.85,4229339,1060.00,1062.00,1023.75,4
1058.60,3145430,1044.95,1064.50,1041.69,5
1043.69,3476068,1026.63,1045.99,1025.10,6
1027.31,3388966,1005.49,1027.74,998.35,7
1008.08,3331797,1020.79,1022.69,1002.95,8
1027.60,3296566,1023.05,1032.85,1015.88,9
1013.93,3212853,1017.00,1027.76,1005.67,10
1015.68,3134293,1007.87,1016.35,1002.61,11
1011.11,3997733,987.73,1011.83,986.68,12
994.87,6000137,980.47,1008.00,978.51,13
978.94,3724197,973.00,987.69,964.38,14
976.76,3618718,974.00,990.29,974.00,15
973.24,3867825,986.75,994.59,970.01,16
978.15,2930728,980.00,987.64,968.23,17
971.83,3433972,966.71,977.93,957.30,18
971.89,4634204,971.10,982.27,960.26,19
977.59,4550397,984.41,986.28,967.68,20
984.86,7752137,957.81,985.00,953.90,21
953.99,14273210,998.03,999.00,950.76,22
869.68,9851351,863.53,916.40,854.75,23
858.10,3617565,859.79,865.00,852.13,24
842.37,4028537,860.96,868.98,842.02,25
848.26,3181383,836.44,850.84,830.41,26
828.40,3037650,843.20,844.89,823.52,27
840.29,3024517,831.53,847.07,829.14,28
837.69,4803312,866.40,866.41,834.40,29
875.00,2347949,880.00,886.22,873.00,30
879.19,2649823,879.38,888.00,869.11,31
881.79,3457656,888.76,892.83,871.69,32
881.05,2970019,893.13,898.83,879.89,33
886.73,2315685,895.50,898.58,877.00,34
891.32,1875897,901.80,902.68,889.47,35
900.43,2202970,894.51,908.23,889.71,36
907.55,3226158,916.01,918.13,894.50,37
924.14,2342418,928.40,930.49,915.30,38
932.12,2320293,915.00,935.85,911.70,39
911.45,2339375,913.42,915.00,899.10,40
909.05,4530519,893.21,919.92,890.49,41
902.04,2815512,908.18,912.62,899.00,42
889.55,2938194,919.13,922.44,886.56,43
919.13,2459456,921.54,928.45,916.42,44
921.08,2674892,923.94,928.94,919.50,45
918.87,2485829,916.81,925.55,909.61,46
925.55,2486197,933.35,934.09,922.60,47
936.56,3501691,924.71,941.75,923.08,48
913.35,2388575,913.76,922.88,909.58,49
913.69,3350082,928.00,930.30,902.59,50
934.74,2955383,915.23,935.27,912.71,51
917.87,2835307,917.85,927.00,911.11,52
911.06,2689629,898.05,915.97,898.05,53
902.17,2401634,894.36,902.69,888.03,54
897.74,2388966,887.51,902.34,884.12,55
886.81,2027237,882.17,892.41,876.68,56
877.34,2578222,872.06,880.95,858.91,57
872.60,3138259,867.49,886.36,867.25,58
865.59,6014203,902.05,902.05,864.22,59
897.79,3214020,896.00,906.00,893.00,60
897.48,4511263,883.93,908.00,877.24,61
883.85,4093843,879.98,890.60,868.40,62
871.32,3814227,839.75,874.49,839.16,63
847.05,4084081,815.50,848.45,809.33,64
823.96,3673720,832.04,832.04,816.49,65
837.26,3038231,833.67,841.00,830.02,66
830.47,2767772,822.62,836.99,820.54,67
819.50,2814064,807.50,820.37,803.75,68
805.44,2399150,795.90,806.82,795.57,69
795.04,1910626,797.36,799.06,788.65,70
796.54,3295074,781.37,798.22,779.94,71
780.21,3690817,771.50,781.49,757.38,72
763.91,2200645,757.35,767.53,756.27,73
755.51,1902194,753.14,762.48,749.69,74
756.10,2996829,753.48,763.80,747.77,75
756.03,3057709,753.93,760.79,752.23,76
753.74,1722002,758.08,759.79,752.28,77
759.44,3660433,751.13,763.88,748.01,78
749.12,2862405,758.68,758.68,747.88,79
754.68,2819473,756.17,768.50,753.53,80
754.55,2642962,751.97,755.82,746.25,81
749.29,3749007,762.83,763.79,744.26,82
764.24,2987252,765.27,769.70,761.12,83
772.07,6057093,765.76,773.00,756.60,84
763.89,15974120,737.64,766.28,736.23,85
687.65,8926672,704.35,704.41,677.88,86
702.00,2494276,703.43,705.59,697.82,87
705.98,2932752,712.51,713.40,699.78,88
713.00,2797071,725.00,726.62,711.31,89
722.79,2299525,734.90,736.00,721.22,90
730.29,2767862,723.29,733.85,722.50,91
727.43,1981070,719.25,728.59,718.87,92
721.76,3187402,703.88,725.06,703.55,93
701.92,3360520,714.76,715.88,696.43,94
719.70,2230139,713.32,721.01,708.82,95
706.80,2256449,704.26,708.81,700.00,96
711.09,1758167,706.13,716.21,704.69,97
706.13,2813482,713.64,717.76,698.59,98
709.27,1711508,707.00,711.21,702.82,99
707.35,2395613,708.36,710.71,701.25,100
711.43,2832962,724.73,725.26,701.72,101
721.56,2259775,721.00,725.12,716.21,102
722.26,3565731,706.63,722.44,704.45,103
705.37,3224344,702.39,712.25,699.16,104
701.03,3998062,705.55,706.67,696.31,105
704.32,4228480,705.00,715.66,695.37,106
690.47,2984411,707.55,707.55,688.00,107
706.91,2298630,700.82,707.63,698.37,108
696.50,1843745,700.00,703.02,688.63,109
697.06,2276482,680.01,699.64,680.00,110
686.80,2588437,684.92,694.88,682.20,111
681.47,2391924,677.46,682.97,660.80,112
673.62,2079182,676.87,680.59,665.81,113
675.42,2683111,674.00,683.50,672.14,114
665.77,2991265,681.86,683.15,662.34,115
683.62,1810072,673.14,687.31,671.86,116
679.68,1785337,673.31,684.65,673.06,117
675.32,3160964,700.10,703.86,671.01,118
701.35,3266723,700.36,701.86,688.16,119
692.48,2186974,690.00,699.80,686.07,120
683.84,2430583,695.83,696.67,677.10,121
695.72,3164878,688.53,707.89,686.92,122
688.44,1354154,687.26,690.59,681.64,123
686.73,2354450,694.13,696.07,678.63,124
688.96,2729389,691.00,701.50,686.24,125
697.12,2235343,697.00,701.00,691.38,126
698.54,4813118,688.86,711.33,688.25,127
688.53,3016227,674.07,688.84,672.91,128
674.07,3511014,669.43,680.23,665.36,129
663.22,3210173,668.49,673.19,659.80,130
661.68,4014344,648.70,663.57,648.70,131
648.02,2639571,638.56,650.97,635.50,132
633.14,2331712,631.00,639.00,627.07,133
633.94,1980836,622.99,636.62,622.99,134
630.35,3283542,621.99,632.29,616.02,135
611.48,3187791,616.07,632.00,610.64,136
609.57,4319057,600.62,622.45,600.62,137
598.55,4044235,587.04,604.56,587.04,138
613.64,3523003,620.98,625.27,608.35,139
624.85,3720573,629.25,646.71,617.61,140
628.35,3134877,626.57,633.60,622.58,141
622.58,3496609,630.17,634.69,617.00,142
626.96,2400537,634.61,634.61,623.93,143
631.37,3120659,645.00,646.99,629.77,144
634.09,4554539,641.00,649.98,621.70,145
635.99,4888163,635.74,652.42,632.67,146
642.76,2463579,647.50,649.91,641.00,147
647.50,5219077,639.50,656.29,632.60,148
633.34,9815631,660.64,678.97,629.12,149
643.04,7575763,656.60,657.04,639.17,150
647.46,4017277,650.00,650.45,639.47,151
656.32,2685706,661.80,663.68,649.13,152
656.45,3208763,647.50,667.54,646.63,153
647.60,3355197,652.75,655.92,643.71,154
652.75,5111928,672.49,672.49,647.44,155
677.65,2651928,685.02,687.22,673.16,156
685.74,2599474,690.00,695.27,684.72,157
685.74,1930786,687.00,688.86,681.49,158
690.65,2659065,682.51,697.49,677.23,159
682.51,1403545,677.48,683.75,675.50,160
679.58,2411426,673.54,681.74,670.07,161
673.61,2212826,674.89,675.02,663.78,162
674.88,3412391,679.00,687.00,673.08,163
684.34,2404849,679.35,688.57,678.14,164
677.69,3545815,672.41,682.96,670.02,165
672.41,2278768,673.44,673.67,662.30,166
669.02,3916335,685.00,685.50,664.50,167
686.12,4557086,683.26,686.90,678.10,168
679.03,2585089,681.80,689.88,673.72,169
685.67,2943775,675.63,687.06,674.64,170
675.83,3631184,669.11,682.71,665.11,171
669.38,4447116,655.05,675.58,652.64,172
653.26,1863587,644.00,655.25,642.35,173
650.06,2094381,652.21,655.78,643.11,174
648.55,2167417,640.72,650.19,640.52,175
644.50,2066759,641.01,644.79,635.59,176
641.47,1876631,649.38,650.40,640.24,177
648.52,2466664,644.89,657.99,644.24,178
650.27,2682614,634.02,651.25,628.25,179
631.62,3008151,633.78,635.23,626.44,180
633.79,2323506,645.22,646.78,627.27,181
641.62,4071023,644.01,648.58,628.30,182
647.66,2393354,653.52,656.49,644.73,183
654.62,3695935,644.13,664.25,643.89,184
649.00,2609451,647.05,649.75,643.03,185
646.75,2615260,639.40,652.00,637.60,186
635.67,2313939,642.34,642.71,630.00,187
640.47,2176174,647.14,649.25,638.12,188
650.61,2920155,636.76,650.88,634.22,189
640.82,3857853,620.40,644.37,619.52,190
621.10,3782708,617.00,625.79,614.71,191
610.52,3056350,615.75,618.34,609.09,192
613.52,5670607,618.57,624.10,609.10,193
613.66,2792358,615.17,621.48,608.40,194
616.59,2086197,614.30,618.22,606.83,195
610.87,2653586,619.00,623.98,605.06,196
612.09,2065375,614.40,615.72,605.75,197
609.47,3093904,601.63,618.22,601.63,198
606.00,3614092,596.28,606.05,591.32,199
596.97,3686337,581.82,597.34,580.25,200
579.34,3307524,566.00,580.26,565.16,201
565.15,3068228,556.02,565.46,555.59,202
551.71,3473233,547.84,560.39,544.25,203
550.64,3361492,560.00,560.00,549.38,204
559.49,2508882,559.18,559.64,554.24,205
561.23,4332593,558.21,562.92,553.19,206
564.80,3807101,549.46,566.54,545.71,207
555.12,5355312,574.31,576.91,551.30,208
577.75,4975520,556.49,579.21,555.28,209
554.60,8597651,550.66,558.61,542.01,210
555.04,16449700,567.88,579.00,552.16,211
610.56,8468407,612.10,621.33,605.44,212
613.69,3312222,620.97,620.97,607.71,213
617.52,3519122,607.50,622.45,607.50,214
607.15,3085394,630.17,630.17,603.87,215
622.83,2959269,628.23,633.12,618.92,216
628.78,2662662,624.42,631.66,617.24,217
618.58,2806248,610.97,620.14,609.34,218
618.20,2146635,631.99,631.99,615.63,219
628.41,2145731,636.39,639.00,628.11,220
636.18,3378842,624.92,637.91,622.71,221
617.14,3064349,633.21,638.00,616.58,222
630.08,2931231,612.75,630.41,611.50,223
614.21,2029217,611.00,615.03,605.51,224
614.31,2115925,608.00,615.11,605.57,225
607.33,3708803,614.99,615.00,601.59,226
613.53,2628267,629.01,631.35,610.73,227
629.24,2804453,625.20,634.39,619.18,228
627.46,1803264,627.90,630.46,623.16,229
628.01,2135688,624.16,629.05,621.00,230
622.71,2507671,630.65,634.36,622.33,231
627.69,2639509,619.95,629.51,618.34,232
620.74,2142613,615.62,621.28,608.00,233
618.39,3344244,613.56,627.41,610.45,234
605.88,6671629,622.92,622.92,603.82,235
613.01,3120452,615.00,620.80,607.35,236
609.45,2192094,613.37,614.85,607.21,237
611.08,2821631,600.21,615.30,596.27,238
600.93,2500940,608.08,611.00,600.37,239
604.82,2777243,608.27,616.09,600.84,240
608.51,2742805,599.34,610.53,595.90,241
597.69,2469592,602.99,607.93,593.56,242
598.50,3849563,610.10,610.91,592.00,243
615.83,3020306,621.56,624.42,615.08,244
619.34,4270305,599.81,620.28,599.50,245
602.92,3572082,604.25,604.52,595.16,246
596.48,2605242,595.79,598.17,590.01,247
601.67,4489355,595.00,605.36,592.33,248
587.65,2393712,583.56,590.75,583.27,249
583.56,2568852,586.40,592.43,579.82,250
588.47,3526597,582.75,590.85,578.89,251
573.35,2281143,573.51,575.78,567.32,252
575.13,3124236,580.18,586.00,569.66,253
583.95,4325689,596.95,597.00,577.46,254
593.46,5220938,581.91,593.77,580.32,255
579.33,5634226,567.26,581.25,564.34,256
554.52,3511453,550.80,559.20,549.00,257
557.85,3608487,560.36,568.44,557.00,258
561.32,3055698,565.00,566.00,558.10,259
558.53,3175468,560.55,563.70,555.74,260
559.30,4373591,558.16,567.80,554.98,261
555.88,2840300,564.12,566.34,554.37,262
562.06,4143099,562.47,575.75,557.20,263
564.64,4032843,564.52,567.80,562.37,264
567.51,3174002,567.02,572.66,563.83,265
564.11,4857599,562.85,572.15,562.05,266
562.85,6181798,567.32,570.88,560.82,267
575.79,6905390,571.35,578.55,562.68,268
570.42,12770570,561.81,579.64,558.43,269
562.00,9451915,551.95,563.46,548.46,270
544.87,26432800,537.75,562.50,537.07,271
492.19,15506020,492.00,498.96,481.40,272
485.71,5212309,487.55,489.80,479.90,273
482.95,5672351,484.98,485.67,476.06,274
485.31,4054399,480.03,485.77,478.02,275
480.33,4894593,484.50,486.21,475.26,276
481.24,4678974,490.00,494.15,478.02,277
492.16,5003718,500.51,500.79,490.61,278
492.23,7993265,492.54,503.41,483.82,279
478.33,4342448,481.60,487.00,472.95,280
482.09,3526757,475.53,485.09,473.80,281
485.03,3675775,473.89,485.24,473.65,282
474.06,2631250,476.50,479.55,471.80,283
474.67,3636513,472.98,480.74,466.53,284
470.26,3443694,467.32,475.05,465.77,285
468.50,5049423,483.19,484.65,461.86,286
486.88,2740555,490.37,492.23,481.94,287
490.51,1710492,492.00,492.89,489.07,288
491.79,2561330,491.24,494.02,489.25,289
491.19,2034517,489.39,491.48,486.38,290
486.76,2702672,494.00,496.02,485.45,291
491.61,2756225,492.66,494.40,486.77,292
489.27,4563690,492.00,500.89,488.39,293
495.02,3849014,488.40,496.14,484.06,294
486.12,6410660,476.30,492.04,475.10,295
472.06,7840992,467.30,473.00,467.30,296
469.83,5176437,480.36,480.76,464.76,297
479.98,5820192,461.98,481.25,461.98,298
463.00,3302660,465.23,465.61,459.20,299
459.89,4929662,459.36,470.65,457.21,300
453.76,3458384,450.76,455.50,450.76,301
452.00,3506722,450.85,452.89,448.32,302
446.73,4178755,460.00,460.50,445.73,303
455.15,3380674,450.70,456.39,449.58,304
453.90,5157713,460.99,461.20,451.20,305
465.74,4341471,473.17,475.23,464.60,306
473.97,4287349,475.31,478.59,470.42,307
477.19,2855540,479.00,480.99,474.49,308
479.00,2890164,478.11,480.50,475.95,309
479.17,3625924,479.03,482.00,475.35,310
479.56,1404732,477.11,480.40,475.20,311
478.00,2843891,476.80,482.70,476.56,312
474.95,2997723,472.63,477.02,471.21,313
474.47,3621095,465.40,476.76,465.40,314
465.91,2800214,466.95,467.65,462.76,315
466.95,3655974,463.00,467.28,459.65,316
461.94,5035283,452.81,462.75,452.45,317
448.65,4060884,448.78,454.08,445.64,318
444.62,2896143,447.25,448.43,442.60,319
447.24,4443284,437.48,447.48,435.51,320
435.15,2735507,438.03,440.38,434.35,321
436.65,2356845,435.00,438.07,433.68,322
434.61,3291064,436.18,437.64,431.00,323
434.74,3003235,434.38,435.03,429.61,324
432.36,3667051,428.76,434.82,425.53,325
424.71,4475984,421.17,426.69,417.10,326
420.19,4806108,414.77,420.60,414.18,327
411.69,3877623,409.24,412.52,404.63,328
410.08,5317147,402.35,412.82,399.41,329
397.87,4997612,406.42,410.21,395.62,330
403.54,6849702,411.42,417.31,401.54,331
411.25,6299587,416.02,418.84,410.11,332
413.73,6459247,409.68,416.69,408.39,333
406.84,7390032,403.32,407.54,398.52,334
400.96,12782920,405.63,410.64,398.01,335
401.77,28074420,404.74,408.95,392.26,336
346.19,11429640,351.00,354.79,344.73,337
355.72,5908412,361.10,362.70,353.89,338
360.82,5128947,356.21,363.08,354.77,339
355.68,6316320,355.64,358.93,352.05,340
361.20,7376086,366.48,368.83,359.05,341
365.93,9151395,372.78,377.81,365.34,342
373.32,7288939,385.58,388.70,372.25,343
385.95,3299802,378.05,387.17,377.76,344
381.51,4778118,368.43,382.52,367.77,345
372.59,5034773,378.01,378.60,367.24,346
376.90,4303658,376.50,380.22,373.58,347
376.75,8878134,377.11,394.90,372.85,348
380.33,3102101,377.48,384.81,376.80,349
377.60,4205298,380.00,382.58,375.35,350
376.36,4369906,375.60,378.96,371.10,351
377.59,3843521,382.40,384.22,376.25,352
379.25,4089392,382.88,384.56,377.36,353
384.80,3757278,382.90,386.62,380.81,354
379.81,3699796,385.00,386.88,378.36,355
384.15,5556388,386.50,395.90,383.42,356
386.30,3866619,397.05,397.99,386.12,357
396.20,4080054,392.84,398.23,390.25,358
394.40,4704706,395.50,399.47,392.60,359
396.94,9116745,401.00,404.70,395.03,360
400.49,10709040,410.40,411.39,400.00,361
412.24,11843030,435.50,438.40,410.69,362
434.69,3124024,442.85,445.44,434.12,363
445.36,2913767,443.07,449.89,442.75,364
442.80,2704353,443.56,446.81,438.85,365
443.14,2922676,441.15,444.60,436.70,366
445.76,3862274,448.61,451.39,440.49,367
448.68,6155865,438.39,453.45,438.00,368
439.88,4793379,437.73,445.50,435.93,369
433.68,3802954,431.23,437.15,431.23,370
434.67,3625380,430.85,438.16,428.35,371
429.99,4486703,416.00,432.17,414.50,372
418.06,2928613,418.04,419.83,413.27,373
416.03,5390933,412.00,419.25,407.56,374
406.93,5687799,425.41,427.59,406.17,375
427.55,8174732,418.40,437.02,417.71,376
413.17,3603273,409.00,415.74,407.40,377
408.29,3861579,402.23,409.61,399.50,378
404.53,4312196,399.33,406.52,398.15,379
403.00,6031469,415.00,415.24,401.58,380
415.45,3967021,423.73,424.51,415.25,381
423.70,3367998,424.41,429.12,421.04,382
427.78,3965963,421.99,428.85,418.78,383
421.66,3927914,428.98,430.63,421.33,384
429.98,5467607,431.12,438.12,428.69,385
428.90,3846639,439.74,440.62,427.59,386
438.30,3767195,440.36,443.57,435.10,387
440.76,4781303,436.46,441.11,428.91,388
431.60,5441811,433.06,436.50,426.27,389
431.00,6259309,427.80,441.93,427.19,390
429.70,4921781,435.23,435.56,426.56,391
438.62,5725544,437.37,445.25,431.40,392
438.97,6587619,426.51,439.13,426.30,393
425.78,6428073,415.56,427.47,413.76,394
413.17,6594466,426.90,427.52,411.88,395
422.67,6009242,424.20,425.26,415.59,396
427.70,4859843,427.18,430.88,426.13,397
428.37,8282434,425.00,428.64,419.19,398
427.50,17340030,437.37,438.24,423.19,399
437.42,23989710,447.00,448.50,432.00,400
477.59,20996480,476.86,485.00,470.00,401
474.80,13196880,451.00,478.15,448.78,402
450.05,6901141,445.57,456.68,445.11,403
441.91,7195860,452.79,456.48,439.70,404
450.38,6157475,447.00,451.67,441.18,405
444.05,5731657,444.55,445.41,437.75,406
440.21,4574559,438.65,440.80,431.04,407
441.71,4251737,438.52,444.41,436.82,408
438.10,4165144,438.60,442.33,435.84,409
438.84,4944892,440.00,442.80,430.72,410
445.90,6875414,444.91,450.97,439.62,411
441.44,3728461,439.76,441.55,431.62,412
440.49,7346394,431.10,444.12,431.10,413
428.24,4932310,434.33,437.85,426.15,414
429.84,8811342,423.10,437.29,422.89,415
417.08,4818066,417.39,420.88,411.50,416
415.94,4640022,422.44,430.96,414.90,417
424.02,8298600,418.59,425.82,417.73,418
422.48,4872246,422.93,424.71,418.68,419
424.45,5146441,432.65,434.55,422.54,420
434.70,4762313,430.18,440.00,430.00,421
431.96,8753740,446.15,447.51,430.90,422
445.27,7099915,444.10,448.65,439.50,423
440.86,8413089,434.99,447.33,433.50,424
435.73,7820535,430.01,437.27,428.40,425
423.97,5967712,418.83,424.70,416.57,426
420.02,12372830,424.50,425.90,414.76,427
409.37,5991087,399.77,409.54,396.34,428
399.77,11932390,410.43,418.95,399.23,429
399.29,4991532,405.00,405.12,396.93,430
403.54,7247413,400.47,413.86,400.15,431
400.47,5902381,402.89,406.58,395.90,432
403.13,7160145,397.41,407.52,393.08,433
395.23,6988047,391.89,396.26,388.91,434
392.98,10864990,397.48,405.11,385.79,435
378.88,9360436,361.10,383.76,356.00,436
359.00,6263105,359.61,367.45,357.42,437
364.85,7973316,356.93,367.15,356.63,438
355.99,6866078,360.24,364.17,354.31,439
363.01,5406420,365.36,372.01,362.50,440
365.36,7859703,369.86,369.99,363.81,441
371.29,20925240,347.25,375.87,346.37,442
339.96,3958807,331.76,341.38,329.62,443
333.75,3334863,334.00,335.17,331.91,444
335.89,3652970,340.62,341.90,335.54,445
339.89,6082360,344.76,348.17,337.36,446
344.76,8033531,334.98,345.47,331.84,447
335.42,4289897,335.21,337.11,329.51,448
332.14,5544852,330.67,336.32,329.74,449
331.21,5488593,322.99,332.56,322.03,450
322.76,3990637,323.61,324.15,319.44,451
320.78,3879657,319.01,323.61,317.95,452
319.30,5064057,317.55,324.62,315.85,453
317.55,4318612,325.00,326.07,315.62,454
324.12,5341484,329.44,331.23,318.09,455
329.93,4228374,325.24,330.81,324.00,456
325.85,5618768,324.30,327.45,317.44,457
321.15,4623238,321.36,325.90,320.47,458
322.55,5426642,328.50,328.66,321.10,459
329.02,5586627,330.20,334.66,326.75,460
327.98,6348000,323.00,328.29,319.50,461
325.35,9947800,320.39,331.43,318.33,462
323.12,22128270,324.21,325.75,316.10,463
333.70,17944500,335.00,337.19,330.50,464
332.72,6136047,338.00,338.39,327.50,465
338.63,5350508,342.94,344.85,336.41,466
346.19,7406437,339.99,346.43,338.75,467
331.03,3965440,340.81,342.80,330.04,468
338.21,4044778,343.45,347.14,337.64,469
338.99,2657898,335.27,339.88,333.36,470
339.33,4660542,339.34,340.48,332.63,471
342.35,4205545,345.30,345.43,336.25,472
346.75,3298072,348.49,349.80,343.95,473
348.28,4413650,341.83,348.58,340.40,474
345.48,5610161,340.05,345.84,337.20,475
338.43,7131468,340.27,343.29,335.30,476
332.03,6287336,326.29,332.85,325.73,477
323.52,6489388,326.06,333.32,321.28,478
327.66,8625763,327.55,336.44,324.41,479
328.39,13004090,320.63,331.83,320.63,480
320.37,15653350,304.68,322.78,304.14,481
293.90,5808035,306.31,306.45,293.54,482
305.79,4886279,306.32,307.92,300.43,483
305.13,5113430,299.79,307.50,296.00,484
303.50,6918777,310.06,310.76,300.00,485
310.06,7912371,304.75,316.60,301.71,486
303.79,9215340,292.51,306.31,292.28,487
294.94,5956692,295.97,297.45,290.31,488
293.51,6292385,287.34,299.24,285.33,489
292.76,5759315,297.91,298.79,289.00,490
297.78,7443350,312.08,312.51,294.88,491
311.79,3479474,309.29,311.83,305.75,492
308.47,4553082,312.68,314.30,306.62,493
312.03,5660743,317.00,323.30,311.84,494
315.18,5953319,315.45,317.49,310.82,495
311.88,4921053,310.96,315.57,310.38,496
313.48,4911311,321.55,326.60,312.36,497
322.13,3676075,323.70,327.62,321.17,498
323.03,6142580,323.87,330.00,322.12,499
317.15,6830692,319.30,321.50,314.52,500
323.65,13238670,331.23,331.28,314.30,501
334.88,4546249,337.50,341.91,332.82,502
337.50,5710292,342.85,344.13,336.42,503
347.96,5294727,347.91,349.00,342.44,504
350.71,5215726,355.00,361.50,350.31,505
361.42,3969945,356.63,362.88,354.24,506
359.96,4624758,357.55,363.75,353.40,507
358.57,7134445,349.50,359.70,344.25,508
347.36,7291096,359.16,362.14,347.14,509
362.50,6901100,372.41,373.83,361.74,510
366.83,6253179,360.02,368.19,358.31,511
362.95,6289368,358.51,364.18,354.18,512
361.48,4994942,363.64,368.45,360.68,513
365.90,9402034,359.08,379.43,359.00,514
366.89,7856952,365.16,368.32,358.43,515
361.99,8005170,353.86,365.39,349.91,516
353.86,5660738,349.98,355.95,348.71,517
353.11,5127593,358.44,360.95,352.86,518
360.77,6703548,363.20,365.92,360.59,519
364.87,8256844,368.77,369.02,361.70,520
367.96,7766907,360.57,368.90,358.50,521
363.83,11796530,357.53,365.65,355.14,522
357.42,15646850,341.72,362.25,340.63,523
342.50,28430340,336.79,344.00,332.63,524
315.78,18008200,322.57,324.89,313.39,525
326.33,7814115,326.75,330.08,321.25,526
326.22,9246987,331.08,332.50,323.60,527
332.82,8286816,329.97,336.65,328.89,528
330.13,10856250,332.50,332.95,323.14,529
327.26,9579681,326.50,328.88,321.35,530
327.54,13072290,311.07,329.35,311.07,531
315.17,6766628,316.83,321.70,313.22,532
315.55,8959839,311.57,316.77,303.69,533
309.70,8328390,307.00,314.18,304.55,534
309.41,9345054,298.24,311.14,295.51,535
294.95,6763964,298.06,298.39,288.70,536
294.88,7566892,285.53,295.01,283.22,537
291.12,9588527,283.18,295.50,281.01,538
276.88,5964369,281.92,285.19,273.41,539
284.17,5778098,293.19,293.57,282.13,540
294.97,4251108,296.18,298.46,291.91,541
297.75,7856192,298.09,298.88,290.81,542
297.96,6376173,289.99,300.66,286.50,543
288.19,6918114,281.24,289.28,280.81,544
288.30,6163667,289.73,292.25,286.13,545
290.71,14080050,288.76,294.72,288.70,546
290.41,17724560,302.12,303.39,286.55,547
317.83,7543291,318.97,324.71,314.42,548
320.34,10756430,328.00,332.72,317.20,549
315.18,10148610,320.00,323.18,308.85,550
320.01,14364030,321.45,329.00,319.52,551
310.26,7205326,309.11,312.38,304.81,552
308.42,7821634,306.50,309.61,302.10,553
305.56,7195395,311.00,313.22,303.13,554
312.59,8423029,316.46,322.77,310.92,555
320.41,12690600,310.49,321.99,310.00,556
316.95,14664870,303.99,319.80,303.03,557
305.53,16070120,281.37,308.26,280.41,558
280.96,5786874,282.50,282.96,275.94,559
281.17,4707049,284.00,289.55,280.53,560
285.54,3235953,289.00,289.21,284.17,561
291.50,5918988,285.91,292.47,283.76,562
286.69,6245119,284.99,286.98,277.34,563
285.05,7256507,291.00,291.87,282.66,564
287.98,8400108,297.33,298.00,287.00,565
295.28,9838220,294.72,299.82,291.00,566
306.02,8038556,309.94,310.49,303.61,567
310.20,14626930,309.20,312.71,302.55,568
299.27,17973400,290.00,311.00,288.19,569
290.13,9573834,274.47,290.66,271.56,570
274.97,9667323,265.99,275.36,260.09,571
254.66,7265994,259.66,260.90,254.22,572
263.46,7683826,259.92,266.08,256.88,573
258.60,7927033,261.06,261.16,252.09,574
260.79,11124690,272.02,274.97,255.32,575
269.06,7057350,271.25,276.29,268.80,576
273.00,10367620,286.40,287.33,272.84,577
286.75,6916424,296.17,299.70,286.42,578
291.88,7505133,295.13,297.62,289.50,579
295.72,9960547,297.70,301.19,292.29,580
296.94,14612590,298.33,305.21,294.78,581
298.62,15749250,290.04,305.63,288.04,582
291.02,15100720,286.95,297.59,285.55,583
282.45,13326420,290.23,290.49,280.36,584
289.57,24889060,268.95,290.75,265.68,585
268.16,17207100,272.78,278.38,266.38,586
272.38,46685260,265.00,279.30,262.66,587
240.86,25776730,249.80,250.37,237.73,588
245.10,21057820,234.41,249.92,234.40,589
230.00,15293400,237.80,238.80,229.51,590
232.51,17505010,212.69,234.47,211.73,591
220.87,12952640,214.30,223.67,212.64,592
214.29,15282410,226.05,230.44,213.70,593
229.98,9991145,225.64,233.83,224.23,594
224.75,9806128,235.77,237.33,224.28,595
240.02,9188940,236.68,244.28,233.91,596
236.73,10825630,238.76,241.59,227.38,597
240.74,13925850,244.84,245.80,233.25,598
239.04,8657443,237.85,241.54,232.85,599
235.44,11848610,237.00,242.44,233.26,600
239.71,18994940,241.61,246.98,235.68,601
245.20,17579670,229.69,246.65,227.38,602
224.36,7762223,228.63,230.64,220.72,603
224.07,8234285,225.60,232.70,223.01,604
226.41,11207230,235.14,236.45,221.43,605
237.05,10017970,235.35,240.50,231.66,606
236.87,9166772,242.67,248.30,236.68,607
242.85,16037430,240.37,250.49,239.66,608
243.63,17912370,245.05,245.25,235.75,609
240.13,18914180,231.22,241.36,227.83,610
235.38,19454120,230.47,242.29,229.10,611
224.12,8230340,219.82,228.00,215.80,612
218.13,8000128,226.50,227.69,217.72,613
236.53,6047425,233.61,239.49,233.37,614
233.57,6702060,229.62,234.78,229.62,615
227.44,6737436,224.16,228.74,221.30,616
228.96,8149329,220.21,229.33,218.27,617
218.39,7469016,225.59,226.85,214.69,618
226.11,8164883,231.03,233.88,225.04,619
230.04,7292917,220.72,230.37,219.47,620
223.56,8615906,227.00,233.88,223.43,621
220.65,5740434,226.66,229.79,218.74,622
224.57,7109397,221.93,229.87,221.52,623
223.28,5349848,233.63,236.95,223.15,624
233.98,3766867,230.24,234.16,229.00,625
229.61,5426316,225.66,234.10,223.94,626
224.55,5276945,226.46,229.90,224.30,627
226.54,8630094,232.55,233.48,224.59,628
241.16,7504707,240.95,243.29,235.68,629
245.17,5280387,241.96,246.48,239.28,630
241.15,5627224,241.18,244.24,237.56,631
245.69,5136806,247.16,249.29,244.03,632
249.11,6527391,248.11,251.99,247.51,633
249.30,6098531,244.81,249.41,243.76,634
242.70,8780062,244.68,251.62,241.51,635
244.11,9254760,236.99,244.54,236.60,636
229.94,6181194,231.62,232.20,224.65,637
233.49,10997410,227.49,241.96,226.41,638
226.78,5539733,225.30,228.62,222.87,639
229.91,7142741,227.68,232.07,225.05,640
226.73,6400701,224.79,228.10,222.42,641
221.42,6361327,222.76,228.20,220.88,642
226.21,5525044,223.10,228.39,221.00,643
224.90,9064937,223.29,230.75,222.40,644
226.02,8972738,224.60,228.10,219.67,645
226.75,10508390,216.48,227.78,214.58,646
213.91,9508532,216.66,219.39,211.64,647
218.51,10935250,221.31,225.23,216.35,648
220.44,17805450,222.38,229.35,218.44,649
223.88,23430120,214.30,224.32,211.50,650
216.44,53920270,208.17,216.97,200.10,651
201.63,28178720,193.02,201.97,188.40,652
190.92,16322850,192.50,199.67,189.80,653
189.11,16319120,175.58,189.22,174.56,654
174.78,9039457,175.56,177.52,171.82,655
176.56,12734420,170.50,179.18,169.70,656
174.45,6845264,177.33,179.78,173.42,657
177.34,6048447,184.73,184.99,176.89,658
186.98,5835680,186.02,189.91,182.75,659
189.27,6334545,184.27,190.21,183.50,660
184.06,5753385,185.20,186.22,180.82,661
185.88,7339023,176.28,185.92,172.68,662
179.95,5201583,176.49,180.10,174.27,663
174.87,7894710,177.07,179.45,170.30,664
178.36,5766847,179.55,180.67,175.10,665
179.60,7201897,189.20,192.20,179.37,666
189.14,8363879,191.77,191.78,182.39,667
190.85,12423970,183.50,191.19,181.84,668
181.71,9538226,180.50,182.76,175.87,669
178.89,12010620,170.75,182.82,170.20,670
170.91,12177590,177.60,178.62,169.80,671
175.51,12133370,173.63,179.65,173.34,672
173.35,8201306,174.00,176.27,171.56,673
180.11,12396040,169.26,183.85,168.53,674
167.54,11555320,169.75,172.06,164.28,675
169.69,10222410,177.07,179.09,168.96,676
182.94,13074280,182.64,185.86,180.85,677
192.77,6948967,200.65,201.69,192.54,678
202.83,7244121,197.95,207.38,197.64,679
198.61,4839491,194.87,199.60,193.00,680
197.14,5372043,202.09,203.87,195.38,681
198.98,7191775,200.14,202.95,198.05,682
205.09,9623121,192.02,205.47,191.72,683
192.91,8416151,198.70,202.74,191.66,684
197.44,11398460,196.18,199.95,190.80,685
195.19,8585987,193.19,195.25,190.37,686
191.40,8049933,186.49,192.34,183.09,687
187.83,8522092,180.28,188.87,180.17,688
180.34,7706372,182.00,184.00,177.17,689
187.44,9602027,186.15,187.66,177.89,690
186.35,10429400,185.87,190.19,179.77,691
183.48,10448510,178.05,186.30,175.71,692
177.19,9665632,186.72,187.70,176.27,693
190.56,9876685,189.17,191.40,185.17,694
186.51,16145010,193.30,195.89,185.70,695
187.64,13136330,177.16,187.77,176.01,696
174.31,17662120,163.96,177.58,162.71,697
166.37,12665520,176.09,180.92,165.55,698
177.66,13883910,176.01,181.87,170.57,699
173.10,14031330,177.66,183.20,172.30,700
180.97,17185480,186.75,187.21,175.81,701
188.32,13971330,200.45,200.71,186.00,702
204.01,12218780,197.65,204.38,191.01,703
199.87,11839430,198.29,203.20,194.77,704
199.46,14591600,191.71,200.21,190.01,705
190.36,16391890,198.68,204.71,190.00,706
199.52,21363160,191.56,201.48,185.60,707
188.54,22298390,194.01,200.19,187.77,708
198.40,20318090,208.80,209.15,198.28,709
209.91,28152050,213.81,216.66,204.51,710
215.52,37515130,220.18,226.27,210.05,711
218.22,53501600,220.00,227.68,211.52,712
226.19,133387500,245.20,248.70,212.51,713
348.61,20906890,333.22,351.68,333.22,714
337.86,5105041,340.00,342.36,331.62,715
341.13,4343837,350.95,352.00,339.86,716
350.43,3230950,343.92,352.00,341.16,717
344.10,3824261,355.91,359.41,342.25,718
348.00,3777096,350.00,354.78,345.20,719
355.88,4025183,361.96,362.50,354.87,720
362.15,4948909,365.00,368.54,353.69,721
368.35,4354885,374.15,376.47,362.73,722
380.15,4234508,389.30,390.00,377.31,723
391.50,7009235,373.55,396.02,373.13,724
373.47,4644237,376.80,380.87,368.50,725
374.59,4134720,383.59,384.00,373.61,726
381.47,4023301,389.55,392.70,378.63,727
391.82,5880723,384.39,396.50,380.33,728
378.51,4323435,375.23,380.28,366.73,729
373.85,3575953,377.07,377.64,366.43,730
375.71,3888461,379.76,379.76,368.90,731
374.49,3728954,379.77,382.46,374.49,732
382.92,4242762,371.14,386.66,366.76,733
374.59,4866463,378.02,381.82,368.94,734
380.60,8324825,372.00,381.80,368.47,735
371.40,5818348,359.70,373.31,354.88,736
357.53,6982469,348.20,359.99,343.06,737
343.75,5460640,335.10,345.36,332.36,738
331.01,5907817,338.72,341.32,329.82,739
340.32,4819925,361.19,363.36,340.00,740
356.77,4807767,356.20,367.02,353.30,741
358.79,6520186,357.69,364.14,350.51,742
341.76,6428655,349.80,358.86,340.67,743
350.26,5708383,360.41,362.00,350.20,744
361.73,5329180,368.00,374.82,357.17,745
368.07,6076836,386.00,386.12,364.65,746
380.03,5356809,388.93,389.22,375.21,747
386.24,3290439,391.60,395.00,383.71,748
394.52,5035046,387.33,397.75,382.13,749
390.80,4841636,386.61,391.29,375.58,750
390.03,7068724,355.09,390.73,354.72,751
367.46,4614290,382.72,386.00,366.66,752
377.38,6697515,388.95,392.42,373.02,753
391.29,6801668,392.53,402.87,389.05,754
386.67,4669222,394.24,399.11,385.70,755
398.08,5277650,401.53,401.56,390.38,756
407.46,5395641,403.79,409.16,401.01,757
396.57,7202155,387.59,409.36,386.89,758
391.31,7558939,405.33,411.61,387.65,759
406.27,8452915,402.10,408.00,396.36,760
412.89,7738227,408.65,412.98,398.79,761
403.53,6818543,398.18,406.61,395.83,762
402.10,8232859,410.17,412.35,393.55,763
410.17,7789798,407.31,412.77,396.64,764
405.60,9905210,421.44,429.26,404.28,765
429.48,14346010,448.25,451.98,426.48,766
457.13,22568100,432.96,458.48,425.54,767
427.14,20047450,401.97,427.70,398.20,768
384.36,11966610,386.76,387.00,372.08,769
386.70,24324750,382.06,394.80,378.10,770
359.70,12683980,378.27,382.66,356.62,771
366.42,15145820,379.14,387.71,365.13,772
387.15,32386780,383.91,387.26,351.46,773
397.50,58904270,400.43,409.15,379.99,774
508.25,12658990,517.75,526.64,506.93,775
515.86,4353508,515.00,523.21,510.51,776
510.80,4844418,520.08,521.75,508.68,777
525.69,7861109,517.60,538.37,511.88,778
519.20,4475063,537.06,540.79,518.26,779
537.22,3787372,544.27,544.27,532.02,780
540.84,3077836,536.99,543.91,530.07,781
539.85,4486145,538.49,543.69,526.32,782
541.06,3382873,549.46,553.43,538.22,783
553.29,5711795,554.34,563.36,542.01,784
567.52,4148749,592.00,592.84,566.88,785
591.15,4393135,599.91,600.41,581.60,786
597.37,3068808,605.61,609.99,590.56,787
602.44,1995918,610.01,614.08,602.05,788
612.09,1625093,612.99,620.61,611.24,789
610.54,1287513,610.71,613.98,604.68,790
610.71,1884116,614.95,618.41,609.69,791
613.12,2062233,615.00,615.00,609.25,792
614.09,1621146,616.40,616.88,607.57,793
614.24,2335745,603.36,614.82,602.63,794
604.92,2319390,597.54,607.82,593.86,795
593.74,3358404,586.43,602.88,584.26,796
586.73,4433706,591.61,593.25,581.74,797
591.06,3143217,597.09,602.83,588.00,798
605.04,2866196,598.18,605.69,584.51,799
597.99,2984536,598.71,602.29,588.13,800
604.56,2517915,612.00,612.64,599.52,801
611.66,2748774,616.78,617.74,605.88,802
611.00,2376321,627.58,630.24,610.44,803
628.08,2220308,630.00,632.46,623.20,804
625.58,3125190,619.83,628.89,611.40,805
612.69,3075672,606.01,617.29,601.00,806
602.13,4829282,622.75,625.50,594.00,807
616.47,3331131,617.10,625.36,612.88,808
617.77,3897019,649.48,654.52,617.07,809
641.90,5608919,668.20,675.38,640.01,810
663.84,2529364,663.20,667.99,658.29,811
665.64,2872513,675.00,676.41,660.67,812
658.29,1867282,658.01,661.44,651.10,813
654.06,2320917,658.18,666.43,646.05,814
659.20,2765318,676.02,679.48,656.47,815
678.80,2614852,692.35,694.16,675.00,816
682.02,2014992,691.61,691.74,679.74,817
691.69,2732831,690.00,700.99,686.09,818
687.40,2077387,678.27,688.36,676.90,819
679.33,2872186,681.24,685.26,671.49,820
682.61,4198410,660.01,683.34,653.82,821
657.58,2868311,650.24,665.82,649.71,822
646.91,2405785,653.01,660.33,642.11,823
655.99,2415630,653.70,660.50,650.52,824
651.45,2887523,650.29,656.00,643.79,825
645.72,5283488,663.97,665.64,645.01,826
668.40,4865023,685.89,685.94,665.50,827
688.29,2334852,677.27,689.39,677.27,828
677.72,3888597,683.11,687.68,673.82,829
681.17,3110911,689.06,689.97,676.54,830
690.31,3825279,673.06,690.97,671.24,831
674.05,2859409,670.95,676.80,668.03,832
662.92,2276914,669.00,671.41,661.85,833
668.52,2904840,673.76,676.49,662.77,834
671.66,3833526,663.74,675.88,657.07,835
664.78,6186016,651.81,665.46,651.81,836
653.16,8437070,628.89,654.01,628.65,837
625.14,10622000,625.57,637.40,617.15,838
639.00,7633147,636.97,641.00,632.30,839
637.97,4669071,632.10,638.41,620.59,840
628.29,4116874,638.00,639.42,625.16,841
633.80,2672535,632.23,636.88,626.79,842
629.76,2424638,632.18,632.18,622.10,843
624.94,3227349,633.02,637.66,621.99,844
627.04,2862470,633.20,639.42,626.78,845
632.66,3272093,634.17,643.80,630.86,846
631.85,3556886,642.23,646.84,630.45,847
639.10,4580434,628.18,639.87,626.36,848
634.81,9534293,606.94,640.39,606.89,849
603.35,4995932,613.39,626.13,594.68,850
613.15,4090847,604.24,614.99,597.51,851
610.34,6616040,608.05,619.00,608.05,852
599.06,6221026,589.01,609.88,588.01,853
583.85,4431051,589.00,599.54,580.16,854
592.64,2504738,587.95,593.58,576.93,855
592.39,2126246,592.50,592.98,583.64,856
593.26,2526161,590.79,599.32,589.13,857
590.65,4021845,579.69,595.65,579.69,858
573.14,2250884,578.31,581.88,569.37,859
575.43,3732227,586.79,591.53,568.08,860
589.35,4145145,587.85,590.28,580.85,861
586.50,1832028,584.30,587.48,577.72,862
582.87,2755615,578.17,584.62,575.37,863
577.76,3456958,584.89,587.28,575.56,864
589.29,3062871,598.57,598.57,582.78,865
598.72,3950764,598.16,609.45,593.67,866
597.54,2954214,606.47,609.44,596.55,867
606.05,5424503,603.84,615.60,595.71,868
606.71,5830979,594.69,613.85,593.99,869
590.53,2684005,585.80,591.88,583.14,870
588.55,6184782,583.68,598.76,583.68,871
582.07,5626214,569.00,591.00,569.00,872
569.19,2431886,566.12,569.48,561.61,873
566.18,2434839,557.25,567.16,556.45,874
558.92,3252595,551.60,564.17,549.25,875
550.12,1595499,546.16,552.60,545.90,876
547.58,2065621,550.16,552.84,545.45,877
553.41,2109525,551.48,555.31,549.27,878
553.33,2602010,545.98,555.55,543.74,879
546.88,3776429,545.09,551.39,539.10,880
543.71,7497292,522.74,548.39,521.87,881
521.87,2582046,520.00,526.38,518.65,882
518.91,2309803,515.47,520.79,514.20,883
517.92,2033176,515.24,523.38,512.30,884
515.92,2177736,512.64,521.44,511.51,885
510.72,1686170,511.86,513.00,507.20,886
512.40,1673904,517.00,519.57,509.77,887
515.84,1960544,520.00,520.79,512.97,888
519.97,1367782,521.15,522.67,517.99,889
520.55,1919798,524.00,526.84,519.39,890
524.89,2556687,517.13,525.41,514.02,891
517.35,2039374,513.00,517.98,510.37,892
510.82,2579427,514.39,515.63,505.37,893
515.15,2096632,519.00,519.85,510.51,894
517.57,2537107,512.69,519.79,510.96,895
514.25,1736014,519.96,520.78,513.79,896
519.30,2390466,521.82,524.47,516.98,897
518.91,2759037,518.08,521.95,512.05,898
516.49,2254538,514.38,521.13,509.01,899
515.41,3820478,512.16,517.41,504.66,900
511.77,4328061,510.21,513.68,507.00,901
513.63,11906790,526.13,530.99,505.61,902
531.05,6930440,526.07,536.64,520.30,903
532.28,3885764,526.05,534.91,522.24,904
530.31,3442101,541.81,544.06,527.05,905
542.95,5713873,553.97,557.54,538.20,906
547.95,4659535,541.01,554.10,541.01,907
540.68,2751593,535.76,545.33,535.76,908
537.31,1780738,540.30,540.65,532.92,909
535.98,2777231,531.00,538.26,528.58,910
530.76,3268988,530.93,535.50,529.09,911
535.96,2722498,544.24,544.64,531.66,912
541.64,2775051,533.00,542.86,533.00,913
533.98,1980316,535.50,538.54,529.39,914
533.54,2805402,525.72,537.04,525.72,915
528.21,2773445,534.06,534.38,526.82,916
533.50,2314647,533.55,536.13,528.57,917
533.03,2820227,528.12,533.94,524.56,918
527.07,5299072,528.84,533.06,525.00,919
518.06,3361202,517.96,520.96,514.40,920
512.74,3944782,508.48,516.63,508.20,921
508.82,5809271,498.54,513.55,495.80,922
497.00,5277297,501.64,502.05,492.28,923
500.77,5197576,496.40,504.49,495.24,924
498.34,3198273,490.25,501.80,490.15,925
492.41,3533206,495.00,496.46,486.28,926
491.90,3104073,501.23,501.23,490.40,927
499.89,4400222,489.68,503.50,486.91,928
488.77,3123969,490.00,491.41,487.78,929
487.27,4382928,487.17,490.21,482.14,930
485.81,3055029,494.50,496.09,484.65,931
492.39,2374037,497.00,498.82,489.37,932
494.66,2791932,492.92,496.70,490.55,933
494.74,3160487,492.00,501.86,490.95,934
489.43,3887445,495.19,496.66,487.25,935
499.24,2268979,499.82,503.22,495.82,936
499.08,2482555,504.01,505.41,497.74,937
502.81,2911297,504.40,511.76,502.53,938
503.86,3253773,501.80,505.10,498.54,939
502.36,2465303,502.34,504.14,500.50,940
501.34,2699459,506.00,506.37,499.22,941
502.90,2412595,501.05,504.25,499.51,942
497.89,3322925,503.12,505.40,497.26,943
501.67,3721218,489.55,502.70,488.98,944
487.70,3349930,481.63,488.57,478.54,945
486.28,2350496,488.40,493.48,486.19,946
488.94,2701057,485.59,492.71,482.81,947
493.37,2882464,487.86,494.85,486.59,948
486.66,2716561,489.13,490.78,482.71,949
484.98,4121540,486.83,493.54,482.70,950
495.08,4401000,479.75,497.99,478.63,951
486.69,5131632,502.00,503.15,486.11,952
503.84,3132786,504.62,508.55,501.12,953
499.55,3783698,495.99,499.55,491.37,954
496.08,3129366,504.99,507.78,494.63,955
503.18,4349502,510.78,511.63,496.79,956
509.11,4091895,512.65,518.95,505.20,957
513.47,4413242,505.00,514.55,505.00,958
509.00,5127792,507.60,509.29,499.00,959
506.52,3192983,505.20,508.40,503.34,960
505.55,3761327,512.62,512.99,504.58,961
510.30,4388839,506.76,510.48,503.00,962
505.55,7314659,509.01,509.70,500.70,963
508.78,9061062,513.82,513.96,500.55,964
508.90,22897450,508.00,515.46,503.60,965
549.57,11257650,554.42,563.56,546.30,966
554.44,4288715,546.90,556.44,545.53,967
546.54,3209075,550.54,551.98,539.51,968
549.22,3139050,544.17,553.49,542.66,969
540.02,3740294,554.87,554.87,538.53,970
553.73,2720344,557.00,559.75,550.30,971
552.78,2944060,551.05,557.98,549.58,972
555.31,2894034,552.69,556.90,547.11,973
554.58,4309829,551.13,556.90,547.57,974
546.99,2151319,543.50,549.64,541.45,975
544.53,3474205,544.81,554.17,543.30,976
540.67,3355904,540.01,542.85,529.23,977
539.42,3938637,529.93,540.50,527.03,978
521.66,3503111,515.68,528.13,515.44,979
513.39,2418129,510.51,514.41,506.91,980
513.95,3330049,505.66,518.00,504.40,981
508.05,3467797,502.82,508.72,496.68,982
502.86,4926764,516.99,518.53,497.00,983
520.81,4102211,533.78,534.42,520.00,984
535.09,5583461,529.87,543.12,529.40,985
523.11,3360587,509.13,529.31,509.13,986
512.18,4386360,504.96,513.19,501.63,987
504.79,4096606,516.40,517.90,503.85,988
524.44,2817376,522.00,528.37,514.30,989
524.03,3238888,524.47,533.42,523.21,990
520.25,3485519,516.32,520.73,508.03,991
518.02,3981743,512.50,526.51,506.59,992
523.06,4714469,512.21,530.24,510.71,993
504.54,3771484,513.50,518.97,504.25,994
506.44,3470042,507.31,513.11,503.82,995
493.33,3981758,514.46,518.84,492.85,996
516.39,5069973,511.98,517.76,498.79,997
511.29,5034792,521.50,531.50,507.68,998
520.70,5362443,545.93,548.01,517.81,999
547.82,3042226,553.34,556.99,546.02,1000
550.64,3042180,545.57,552.14,542.00,1001
538.85,3755574,546.51,553.09,538.00,1002
546.70,4252879,550.27,556.48,535.75,1003
553.41,3245038,539.80,556.85,539.07,1004
546.15,4136532,525.00,548.54,518.28,1005
533.78,3078594,534.99,541.79,530.79,1006
540.22,2841457,548.00,548.99,538.81,1007
548.22,2457604,549.00,550.00,538.23,1008
551.34,2071590,550.99,555.25,543.03,1009
557.28,2624097,557.29,563.63,552.73,1010
556.52,2197128,556.94,561.25,550.85,1011
557.59,2730587,564.44,565.93,554.22,1012
563.59,3991264,562.50,566.65,553.46,1013
559.07,3703499,546.00,566.00,543.00,1014
547.92,2791721,555.00,555.00,543.70,1015
550.79,2376175,552.26,554.44,545.48,1016
552.16,5164537,539.81,559.48,537.51,1017
539.45,3172288,550.17,550.48,538.24,1018
548.16,3767569,542.01,555.48,538.94,1019
539.04,3547507,536.79,545.06,531.73,1020
532.39,4325264,538.00,541.00,530.18,1021
538.60,5968978,535.88,553.15,530.74,1022
523.28,8670277,550.71,556.42,515.73,1023
561.93,5023847,554.73,567.99,554.06,1024
556.78,7207329,567.00,569.75,548.65,1025
565.17,7550822,582.10,583.99,564.35,1026
579.84,11840630,582.45,588.75,570.40,1027
586.34,32637450,565.42,593.29,556.86,1028
501.77,12315810,501.00,509.25,493.54,1029
497.98,5895788,500.00,506.32,495.10,1030
500.86,4177357,507.35,514.50,499.58,1031
507.79,5032099,495.50,512.35,493.01,1032
494.25,5990425,500.00,501.09,485.67,1033
499.10,3812720,507.84,510.73,497.95,1034
510.40,2973949,511.31,513.24,504.51,1035
508.89,3686448,508.28,516.44,506.42,1036
500.49,5346210,511.97,513.10,499.50,1037
520.80,3133872,521.55,526.78,515.89,1038
522.86,4444407,539.00,540.80,515.09,1039
540.73,5392322,525.53,545.50,523.15,1040
524.59,1876286,530.13,533.26,523.69,1041
530.87,4022358,519.90,536.55,515.48,1042
519.12,2891867,516.43,523.66,507.13,1043
513.97,1143952,515.12,519.35,512.21,1044
514.48,2393187,524.76,526.32,514.20,1045
527.33,1908529,527.69,530.40,520.50,1046
528.91,3893964,530.05,532.62,521.15,1047
534.45,4502692,533.20,536.37,526.02,1048
532.90,3193377,529.00,535.49,526.44,1049
524.83,3682392,520.11,527.38,517.69,1050
519.78,3398209,518.50,524.70,513.56,1051
522.42,5770424,505.44,524.16,501.18,1052
503.22,3210928,495.00,503.34,494.85,1053
501.09,3018203,494.56,503.77,492.91,1054
493.60,4178768,510.53,514.50,491.29,1055
512.66,4228950,517.90,521.49,505.55,1056
515.78,4289293,500.01,517.76,497.77,1057
498.31,3666243,497.50,504.50,493.64,1058
497.52,2826116,502.99,508.77,496.04,1059
503.38,3028358,501.62,506.80,493.50,1060
504.58,5063234,492.34,509.47,491.98,1061
490.70,3530940,490.08,492.55,481.27,1062
491.36,2805762,486.58,493.25,481.85,1063
485.00,3598629,485.13,486.90,478.92,1064
482.88,3557894,478.84,484.05,475.89,1065
476.62,5416571,490.46,491.15,475.84,1066
488.24,4255924,485.22,494.76,481.57,1067
484.67,2254653,482.00,487.80,480.47,1068
481.79,3629237,481.95,488.61,477.72,1069
480.63,3698082,480.12,487.51,478.85,1070
479.10,3953563,480.00,485.58,477.30,1071
482.84,3006510,486.77,488.94,477.80,1072
486.77,5071155,491.00,496.52,480.43,1073
490.76,5460532,483.00,491.68,478.26,1074
480.24,8306142,470.95,484.60,463.41,1075
470.50,10419680,485.54,495.85,467.26,1076
514.73,4236349,515.00,515.21,502.51,1077
513.76,5372781,506.56,518.73,503.45,1078
496.95,5137330,495.36,507.73,493.98,1079
487.22,3690213,484.93,495.31,478.76,1080
484.12,4408193,478.87,486.30,475.00,1081
475.74,7813897,502.01,505.88,472.21,1082
504.21,11120690,488.50,513.90,479.34,1083
486.24,5992731,486.36,494.00,483.28,1084
488.93,3627175,490.01,490.49,482.93,1085
488.24,6186087,487.03,496.82,478.90,1086
488.28,4927862,488.11,490.06,481.35,1087
485.23,6997922,494.69,495.14,482.00,1088
489.05,17405710,501.03,506.85,488.25,1089
525.42,10047180,528.14,533.78,522.26,1090
530.72,7567506,537.07,541.80,525.38,1091
530.79,6347363,549.50,554.33,530.03,1092
541.94,5113126,545.52,551.22,535.10,1093
541.45,9510081,562.61,572.49,541.00,1094
554.09,5602498,540.56,557.65,537.20,1095
539.81,5391074,548.81,551.81,538.24,1096
539.44,4781259,537.83,544.28,535.00,1097
531.79,5386488,533.48,535.00,524.15,1098
534.66,7988683,518.00,536.49,515.82,1099
505.87,4199034,518.72,521.82,504.16,1100
520.65,4088069,506.80,520.99,501.70,1101
503.06,6071165,516.43,526.37,502.70,1102
527.51,8153710,506.03,529.55,503.60,1103
500.03,4634111,492.57,504.63,489.27,1104
493.48,3543193,489.50,496.29,486.53,1105
490.65,4773497,489.11,492.00,477.88,1106
482.88,3769436,474.39,484.87,468.03,1107
473.08,3727201,470.53,477.00,467.82,1108
470.61,3726423,491.04,491.04,469.00,1109
491.17,3482324,489.01,491.82,479.26,1110
487.35,5457539,467.69,487.78,466.32,1111
469.96,6717711,472.51,479.40,458.60,1112
470.20,5379301,475.16,478.40,463.27,1113
483.86,4401412,499.99,504.66,483.31,1114
495.99,5336992,484.00,497.47,481.63,1115
476.26,7359126,480.62,488.99,471.30,1116
482.03,5035200,486.49,493.73,476.81,1117
480.67,6240181,503.35,506.29,478.84,1118
500.19,6848127,519.21,520.00,492.57,1119
507.02,5572684,498.40,522.00,495.00,1120
516.05,8270118,520.18,527.36,485.98,1121
525.75,9071089,545.00,554.00,521.32,1122
552.84,5886930,553.78,556.50,537.37,1123
556.55,9581907,532.60,557.39,532.45,1124
529.56,4941409,521.16,531.99,517.58,1125
523.89,4417517,532.00,539.00,522.00,1126
526.27,9062912,537.78,541.00,521.25,1127
547.53,20373680,492.50,549.04,492.08,1128
490.58,5727721,488.19,492.47,485.09,1129
488.81,4762183,495.44,501.00,483.16,1130
492.31,3921293,496.46,498.13,490.00,1131
497.90,5132480,484.69,498.94,483.89,1132
484.53,3156218,493.93,494.50,483.50,1133
491.87,3505518,484.35,495.30,482.80,1134
482.35,2423545,484.19,486.24,479.10,1135
482.68,2943487,482.82,488.33,480.21,1136
481.33,3008933,478.40,484.45,476.45,1137
475.47,5441243,471.34,482.49,470.18,1138
466.93,7329226,479.75,480.92,466.55,1139
483.38,4691185,493.35,497.46,478.63,1140
494.73,5910348,505.45,508.29,486.68,1141
509.08,3725861,504.11,510.82,498.70,1142
502.11,4313526,508.68,510.10,501.20,1143
509.64,5607968,498.65,510.44,498.65,1144
498.62,5876190,490.86,503.09,490.23,1145
488.88,5924310,488.29,494.80,484.50,1146
485.80,6608569,480.71,488.35,477.51,1147
484.48,6611769,492.25,494.92,484.13,1148
488.51,5986727,496.02,497.79,487.76,1149
495.65,7863069,484.51,496.92,482.31,1150
480.45,7746247,468.77,487.17,467.54,1151
477.58,7722034,491.13,491.90,472.02,1152
489.82,6954078,492.19,497.20,487.20,1153
490.10,9127218,506.00,506.22,488.61,1154
502.41,11940310,489.14,504.50,484.20,1155
492.99,24991350,494.87,503.59,484.14,1156
527.39,24498990,526.48,535.54,504.36,1157
523.26,10066650,516.30,529.00,510.18,1158
524.88,15083300,517.08,525.50,490.49,1159
525.50,18399020,567.98,575.37,520.96,1160
548.73,21605590,519.73,555.88,511.28,1161
507.76,5840541,508.40,510.00,495.78,1162
502.78,5691682,498.58,505.10,493.81,1163
493.16,5669870,497.31,504.82,490.83,1164
493.81,7838990,480.77,499.50,479.80,1165
476.89,6351485,485.64,492.28,475.53,1166
485.64,9705870,454.00,488.23,454.00,1167
455.04,4198545,450.02,457.59,447.00,1168
447.24,4843978,445.23,447.67,432.14,1169
443.40,6804726,466.39,468.03,442.24,1170
465.91,4134513,458.86,467.01,454.00,1171
457.85,4826191,468.54,472.36,454.00,1172
466.26,5948436,466.50,474.01,464.50,1173
468.04,6272105,455.01,468.59,454.21,1174
453.72,5933651,449.12,453.97,445.60,1175
449.87,4277627,448.73,452.76,442.80,1176
447.77,6529568,441.82,450.46,439.22,1177
436.13,5514016,425.76,437.96,425.18,1178
425.50,4471499,421.40,426.49,415.42,1179
418.07,6461127,429.00,434.06,412.45,1180
425.56,7462868,428.20,445.57,424.16,1181
434.48,4896893,436.00,439.69,430.55,1182
434.05,6796999,421.65,434.73,420.31,1183
419.49,5851453,416.00,420.80,406.50,1184
419.60,5099561,407.29,420.24,404.25,1185
414.33,5410529,422.39,428.71,410.03,1186
421.97,4316044,426.95,427.10,418.05,1187
427.31,3494801,425.87,427.59,419.46,1188
425.92,3748573,418.83,426.72,415.98,1189
419.73,5270484,417.46,420.30,411.85,1190
413.44,5660160,417.24,422.37,411.50,1191
419.89,10446340,410.38,420.02,397.86,1192
414.77,7881115,427.77,428.50,413.14,1193
429.32,5422334,437.00,439.09,427.18,1194
436.25,9117325,448.56,448.96,430.25,1195
447.67,5607257,454.25,455.81,444.00,1196
451.04,4810487,453.40,458.97,450.47,1197
452.58,7780309,451.16,456.36,443.35,1198
454.19,7243998,440.70,455.00,437.51,1199
441.95,9007467,444.90,452.38,432.82,1200
438.27,7014563,435.69,447.00,427.27,1201
431.82,4598211,442.00,444.17,431.36,1202
440.52,5486037,436.33,444.89,435.56,1203
435.55,5054308,434.14,442.00,433.64,1204
436.53,5650281,436.89,438.88,430.66,1205
434.26,6660737,429.30,439.77,426.39,1206
424.68,6286293,427.56,431.00,421.56,1207
428.15,7799058,417.78,428.54,414.87,1208
415.27,8299858,415.10,427.97,411.73,1209
419.85,7953975,410.31,424.44,408.00,1210
411.89,9693137,399.53,415.86,393.60,1211
403.83,10101230,419.99,421.00,402.91,1212
421.38,6277480,425.00,429.00,420.84,1213
424.99,8670362,425.00,427.17,415.88,1214
426.70,13952330,419.26,438.41,419.26,1215
421.42,21123770,429.73,433.00,413.00,1216
433.83,23177550,444.77,447.00,425.60,1217
437.49,12655820,435.17,444.49,430.56,1218
422.96,12616260,431.00,432.00,414.70,1219
439.17,16128670,437.00,449.52,431.61,1220
426.75,13561220,413.00,434.98,412.25,1221
413.55,11580980,397.50,417.82,394.85,1222
396.72,11692920,371.31,400.51,367.70,1223
370.72,7711296,371.06,372.10,363.03,1224
371.12,6908879,374.01,378.39,368.31,1225
372.28,7046438,380.00,381.33,369.34,1226
379.96,8183921,365.22,380.29,361.71,1227
361.76,4860768,367.47,370.90,357.51,1228
370.08,4592477,364.08,370.99,360.06,1229
364.08,6672454,376.05,380.23,361.02,1230
375.50,9366464,367.93,383.01,366.44,1231
370.96,8621964,363.00,377.80,361.17,1232
357.12,7948775,359.09,368.56,353.00,1233
362.99,7235016,344.00,363.84,341.73,1234
342.39,8767171,361.02,362.00,339.17,1235
357.32,11638680,369.99,372.93,353.03,1236
360.27,13449380,347.89,366.11,340.88,1237
332.83,10853850,342.31,350.49,332.00,1238
332.03,10615960,324.33,348.51,316.82,1239
315.47,12593650,302.40,331.58,300.00,1240
319.75,10013910,306.19,322.90,290.25,1241
298.84,10559940,306.63,334.35,294.75,1242
336.30,9458197,330.51,336.42,307.39,1243
315.25,12071590,326.50,335.72,307.32,1244
349.92,6058782,358.92,362.98,344.79,1245
364.13,7604444,356.43,364.54,347.85,1246
346.49,7405458,343.86,357.47,341.72,1247
368.97,8147165,367.70,371.31,356.85,1248
372.78,8746985,381.00,391.40,368.64,1249
383.79,5487340,377.77,384.01,370.51,1250
368.77,8364623,381.03,393.52,367.40,1251
381.05,6997891,373.11,381.36,364.50,1252
369.03,11178570,364.21,376.77,356.80,1253
371.71,10967700,371.46,391.56,370.60,1254
379.24,8961126,366.31,382.00,365.00,1255
360.09,6481243,372.00,375.65,357.72,1256
368.70,6936418,364.76,372.82,361.00,1257